notice_date,event_number,reason,company,address,county,phone,business_type,affected,total_employees,layoff_date,dislocation,union,classification
12/24/2019,2019-0198,Plant Layoff,"Timeless Décor, LLC (LCO Destiny DBA Timeless Frames)","22419 Fisher Road Watertown, NY 13601",Jefferson County,(315) 782-5759,A supplier of Picture Frames,45,81,The,Economic,The employees are not represented by a union.,Plant layoff
12/23/2019,2019-0102,Plant Closing,Barneys New York,"575 5th Avenue New York, NY 10017",New York County,(212) 450-8606,Retail,165,165,Employment,Economic,New York New Jersey Regional Joint Board Workers United A/W SEIU,Plant Closing
12/20/2019,2019-0066,Plant Closing,"General Parts Distribution, LLC d/b/a Carquest Auto Parts","215 Business Park Drive Armonk, NY 10504",Westchester County,(860) 375-1514,Auto parts distribution,80,80,Of,Economic,Teamsters Local 202,Plant Closing
12/20/2019,2019-0092,Plant Closing,"Somos Healthcare Providers, Inc.","519 Eighth Avenue, 14th Floor New York, NY 10118",New York County,(516) 642-4068,Community care and advocate community provider,130,130,Separations,New York State contract expired,The employees are not represented by a union.,Plant Closing
12/20/2019,2019-0197,Plant Unit Closing,"Regeneron Healthcare Solutions, Inc., a wholly owned subsidiary of Regeneron Pharmaceuticals, Inc.","1 Rockwood Rd. Sleepy Hollow, NY 10591",Westchester County,(914) 847-7128,Biotechnology company,15,0,2/18/2020,Termination of all field and supporting staff associated with one of their products.,The employees are not represented by a union.,Plant Unit Closing
12/12/2019,2019-0199,Plant Closing,"Spacious Technologies LLC subsidiary of WeWork Companies, LLC","134 Fifth Avenue New York, NY 10011",New York County,(646) 809-4474,Commercial real estate company,48,48,March,Economic,The employees are not represented by a union.,Plant Closing
12/12/2019),2019-0147,Plant Layoff,"WeWork Companies, Inc.","115 W 18th St. New York, NY 10011",New York County,(646) 809-4474,Commercial real estate company,423,922,Separations,Economic,The employees are not represented by a union.,Plant Layoff
12/17/2019,2019-0196,Plant Layoff,Eastman Kodak Company (Eastman Business Park),"1669 Lake Avenue Rochester, NY 14650",Monroe County,(585) 724-6615,Photographic equipment and Supplies,3,0,March,Economic,The employees are not represented by a union.,Plant Layoff
12/10/2019,2019-0195,Plant Layoff,Eastman Kodak Company (Kodak Office),"343 State Street Rochester, NY 14650",Monroe County,(585) 724-6615,Photographic equipment and Supplies,1,178,March,Economic,The employee is not represented by a union.,Plant Layoff
12/12/2019,2019-0194,Plant Closing,"Eyeview, Inc.","33 East 33rd Street, 6th Floor New York, NY 10016",New York County,(646) 714-1855,Video marketing technology company,61,61,12/31/2019,Economic,The employees are not represented by a union.,Plant Closing
12/12/2019,2019-0189,Plant Layoff,Evolent Health LLC,"519 8th Ave, Suite 14 New York, NY 10018",New York County,(571) 386-1990,a company providing an integrated value-based care platform for the nations leading providers and payers,49,0,March,Loss of contract with SOMOS Healthcare Providers. Inc.,The employees are not represented by a union.,Plant Layoff
12/10/2019,2019-0190,Plant Layoff,"HCL America, Inc.","800 Phillips Road Webster, NY 14580",Monroe County,(908) 731-2256,Leading global IT services company,16,217,March,Economic,The employees are not represented by a union.,Plant Layoff
11/19/2019,2019-0193,Plant Layoff,Eastman Kodak Company (Kodak Office),"343 State Street Rochester, NY 14650",Monroe County,(585) 724-6615,Photographic equipment and Supplies,1,0,February,Economic,The remote employee is not represented by a union.,Plant Layoff
9/30/2019,2019-0192,Plant Closing,"PB&J Group, LLC (dba Candle 79)","154 East 79th Street New York, NY 10075",New York County,(718) 679-5214,Organic restaurant,48,48,12/31/2019,Economic,The employees are not represented by a union.,Plant Closing
12/9/2019,2019-0186,Plant Layoff,GBG USA Inc. (Global Brands Group),"Corporate Headquarters 350 5th Ave New York, NY 10118",New York County,(646) 839-7614,Apparel store offices,83,340,Separations,Economic,The employees are not represented by a union.,Plant Layoff
12/9/2019,2019-0054,Plant Closing,Catholic Guardian Services,"140 Casals Place, Co-Op City, Apt. 21 H Bronx, NY 10475",Bronx County,(212) 371-1000 Ext,Human services non-profit organization with programs that help a large needy population in the New York metropolitan area.,34,174,The,Discontinuation of operations,United Food & Commercial Workers’ Union (UFCW) Local 888,Plant Closing
12/11/2019,2019-0188,Plant Closing,"Castelli America, LLC","5151, 5152, 5183 Fairbanks Road and 5185 Route 474, Harmony, New York 14710 (also known as 5185 Route 474, Ashville, New York 14710)",Chautauqua County,(716) 782-2101,Cheese manufacturer,68,68,December,Economic,The employees are not represented by a union.,Plant Closing
12/6/2019,2019-0185,Plant Closing,Gibsons Bar and Steakhouse (at the Polo Bar Ralph Lauren),"1 E. 55th Street New York, NY 10022",New York County,(312) 587-0575 Ext,Restaurant,156,156,Separations,Gibsons Bar and Steakhouse is ceasing its operations at the Polo Bar Ralph Lauren.,The employees are not represented by a union.,Plant Closing
12/5/2019,2019-0184,Plant Closing,"Brooks-TLC Hospital System, Inc., TLC Health Network Campus","845 Routes 5 & 20 (Main Road) Irving, NY 14081",Chautauqua County,(716) 363-7263,Acute Care Hospital,201,201,December,Economic,1199 SEIU United Healthcare Workers East,Plant Closing
12/4/2019,2019-0180,Plant Closing,"GL&V USA, Inc. (Part of Valmet)","27 Allen Street Hudson Falls, NY 12839",Washington County,(518) 747-1367,Paper mill machinery manufacturer,40,40,Layoffs,Economic,The employees are not represented by a union.,Plant Closing
11/27/2019,2019-0181,Plant Layoff,"HCL America, Inc.","800 Phillips Road Webster, NY 14580",Monroe County,(908) 731-2256,Leading global IT services company,11,0,1/16/2020,Economic,The employees are not represented by a union.,Plant Layoff
12/6/2019,2019-0183,Plant Closing,"Crystal Run Health Plan, LLC (Phase 3)","109 Rykowski Lane Middletown, NY 10941",Orange County,(845) 703-6106,Health Plans,4,18,Separations,Economic,The employees are not represented by a union.,Plant Closing
12/5/2019,2019-0182,Plant Closing,"Quality Frozen Foods, Inc.","1663 62nd Street Brooklyn, NY 11204",Brooklyn County,(718) 256-9100,Wholesale grocer,82,82,Separations,Sale of the business,Teamsters Local 707,Plant Closing
12/3/2019,2019-0178,Plant Layoff,KIK Custom Products,"935 East Hiawatha Blvd. Syracuse, NY 13208",Onondaga County,(337) 421-6011,Packaging and labeling services,27,38,The,Significant reduction in production,The employees are not represented by a union.,Plant Layoff
12/3/2019,2019-0173,Plant Closing,Icahn Capital L.P.,"767 Fifth Avenue New York, NY 10153",New York County,(212) 702-4354,Private equity,3,27,March,"Relocating to Miami, Florida",The employees are not represented by a union.,Plant Closing
12/2/2019,2019-0172,Plant Layoff,"Featherstone Foods, Inc.","1164 E. 156th Street Bronx, NY 10474",Bronx County,(914) 497-2204,Food products supplier,99,99,March,"Acquisition of Featherstone Foods, Inc. by Featherstone Distribution, LLC.",The employees are not represented by a union.,Plant Layoff
11/27/2019,2019-0168,Plant Layoff,"Crosstex International, Inc. (Cantel) Phase 3","10 Ranick Road Hauppauge, NY 11788",Suffolk County,(631) 582-6777,Dental equipment distribution and manufacturing,13,88,Separations,"Restructuring which will involve the relocation of certain dental equipment distribution and manufacturing operations to Rush, NY.",The employees are not represented by a union.,Plant Layoff
10/22/2019,2019-0177,Plant Closing,Ibase Operations Corp. 'dba' Qualitest,"111 8th Ave New York, NY 10011",New York County,(619) 278-9481,Independent software testing & Quality Assurance Service,63,63,February,Economic,The employees are not represented by a union.,Plant Closing
11/26/2019,2019-0068,Plant Unit Closing,ACCO Brands USA LLC,"941 Acco Way Ogdensburg, NY 13669",St. Lawrence County,(315) 605-3090,Manufacturing operations,54,100,Due,Termination of Manufacturing Operations,"United Steel, Paper and Forestry, Rubber, Manufacturing, Energy, Allied Industrial and Service Workers International Union, Local 4-503",Plant Unit Closing
12/3/2019,2019-0170,Plant Closing,Oakwood Worldwide (US) LP,"888 Sixth Avenue, Suite 305 New York, NY 10017",New York County,(562) 473-7383,Providing temporary and long-term housing accommodations for relocated individuals and corporate officials.,21,21,Separations,Economic,New York Hotel & Motel Trades Council,Plant Closing
11/27/2019,2019-0169,Plant Layoff,"Distinctive Maintenance Partners, LLC","851 Tinton Avenue Bronx, NY 10456",Bronx County,(718) 764-0000,Cleaning Services,118,0,December,Non-renewal of service contract with Acacia Housing Network Inc.,The employees are not represented by a union.,Plant Layoff
11/25/2019,2019-0165,Plant Unit Closing,"PrimeFlight Aviation Services, Inc.","John F. Kennedy International Airport Queens, NY 11430",Queens County,(281) 942-6800,"Provides airline, aircraft, airport services",450,450,3/1/2020,Loss of contract with JetBlue Airway Corporation at John F. Kennedy International Airport,Service Employees International Union Local 32BJ (SEIU),Plant Unit Closing
11/22/2019,2019-0163,Plant Unit Closing,Jet.com Inc. (Walmart),"1055 Bronx River Ave Bronx, NY 10472",Bronx County,(312) 513-8842,Online grocery services,160,160,2/28/2020,Economic,The employees are not represented by a union.,Plant Unit Closing
11/22/2019,2019-0166,Plant Closing,Salisbury Hotel,"123 West 57th Street New York, NY 10019",New York County,(518) 740-2493,Hotel,87,87,2/20/2020,Economic,"New York Hotel and Motel Trades Council, AFL-CIO (Local 6)",Plant Closing
11/25/2019,2019-0167,Plant Layoff,Eastman Kodak Company (Kodak Office),"343 State Street Rochester, NY 14650",Monroe County,(585) 724-6615,Photographic equipment and Supplies,1,178,2/22/2020,Economic,The employee is not represented by a union.,Plant Layoff
11/25/2019,2018-0006,Plant Closing,"Gourmet Management Corp. (TGI Fridays, KFC, Taco Bell, Pizza Hut, Haagen Dazs, Tim Hortons & Beer Cart Restaurants located at the Restaurant Complex on the Amtrak level of Penn Station)","560 Fifth Avenue, 3rd Floor New York, NY 10036",New York County,(212) 560-1658,Restaurant,45,45,Close,Expiration of lease,The employees are not represented by a union.,Plant Closing
11/14/2019,2019-0146,Plant Layoff,Home Box Office. Inc.,"30 Hudson Yards New York, NY 10001",New York County,(212) 512-5644,"American premium channel owned by the Home Box Office, Inc.",15,1173,Separations,Merger,The employees are not represented by a union.,Plant Layoff
11/15/2019,2019-0142,Plant Layoff,"Residential Treatment Center and Learning Center, Lutheran  Social Services Group, Inc. (Gustavus Adoiphus Child and Family Services, Inc.)","715 Falconer Avenue Jamestown, NY 14701",Chautauqua County,(716) 665-8136,"American premium channel owned by the Home Box Office, Inc.",15,1173,The,Merger,The employees are not represented by a union.,Plant Layoff
11/15/2019,2019-0144,Plant Layoff,"Residential Treatment Center (Gustavus Adolphus Child and  Family Services, Inc.)","200 Gustavus Avenue Jamestown, NY 14701",Chautauqua County,(716) 665-8136,"American premium channel owned by the Home Box Office, Inc.",15,1173,The,Merger,The employees are not represented by a union.,Plant Closing
11/15/2019,2019-0143,Plant Layoff,"Learning Center (Gustavus Adolphus Child and Family Services,  Inc.)","210 Gustavus Avenue Jamestown, NY 14701",Chautauqua County,(716) 665-8136,"American premium channel owned by the Home Box Office, Inc.",15,1173,Layoff,Merger,New York State United Teachers,Plant Closing
11/20/2019,2019-0145,Plant Closing,Mountain States Rosen Company (Hunts Point Co Op Markets),"355 Food Center Drive Bronx,  NY 10474",Bronx County,(970) 576-3600  Ext,"American premium channel owned by the Home Box Office, Inc.",15,1173,Layoff,Merger,UFCW Local 342,Plant Closing
10/22/2019,2019-0141,Plant Layoff,"Home Box Office, Inc.","30 Hudson Yards New York, NY 10001",New York County,(212) 512-5644,"American premium channel owned by the Home Box Office, Inc.",12,1173,Separations,Merger,The employees are not represented by a union.,Plant Layoff
11/12/2019,2019-0140,Plant Layoff,Eastman Kodak Company (Kodak Office),"343 State Street Rochester, NY 14650",Monroe County,(585) 724-6615,Photographic equipment and Supplies,1,0,February,Economic,The employees are not represented by a union.,Plant Layoff
11/12/2019,2019-0139,Plant Closing,Plated.,"111 W. 19th Street, 3rd Floor New York, NY 10011",New York County,(631) 334-1937,American ingredient-and-recipe meal kit service,128,128,Separations,Economic,The employees are not represented by a union.,Plant Closing
11/12/2019,2019-0023,Plant Closing,Cayuga Operating Company LLC (Heorot Power),"228 Cayuga Drive Lansing, NY 14882",Tompkins County,(607) 533-7913 Ext,Power station,44,44,Separations,Economic,"International Brotherhood of Electrical Workers, Local 10",Plant Closing
11/8/2019,2019-0136,Plant Closing,Transform SR LLC (Sears Unit #01984),"S 3701 McKinley Parkway Buffalo, NY 14219",Erie County,(847) 286-1427,Retail store,45,45,Separations,Economic,The employees are not represented by a union.,Plant Closing
11/8/2019,2019-0138,Plant Closing,Transform KM LLC (Kmart Unit #03862),"5151 Sunrise Highway Bohemia, NY 11716",Suffolk County,(847) 286-1427,Retail store,78,78,Separations,Economic,The employees are not represented by a union.,Plant Closing
11/8/2019,2019-0137,Plant Closing,Transform KM LLC (Sidney - Kmart Unit #07676),"171 Delaware Avenue Sidney, NY 13838",Delaware County,(847) 286-1427,Retail store,84,84,Separations,Economic,The employees are not represented by a union.,Plant Closing
11/1/2019,2019-0134,Plant Closing,Forever 21 (Store #0614),"World Trade Center 185 Greenwich Street, Ste. LL4435 New York, NY 10007",New York County,(213) 765-2966,Retail Store,66,126,Separations,Economic,The employees are not represented by a union.,Plant Closing
10/30/2019,2019-0133,Plant Closing,Damiano Corp of Jamaica d/b/a McDonald's,"166-30 Jamaica Ave Jamaica, NY 11432",Queens County,(201) 954-3135,Restaurant,23,23,November,Economic,The employees are not represented by a union.,Plant Closing
11/5/2019,2019-0132,Plant Layoff,"Marvell Semiconductor, Inc. (East Fishkill office)","2070 Route 52 Hopewell Junction, NY 12533",Dutchess County,(408) 222-2500,Global semiconductor company,23,0,January,Economic,The employees are not represented by a union.,Plant Layoff
11/7/2019,2019-0131,Plant Layoff,"LSC Communications US, LLC (Dover Publications office)","31 East 2nd Street Mineola, NY 11501",Nassau County,(516) 294-7000 Ext,Commercial printing company,23,59,Separations,Economic,The employees are not represented by a union.,Plant Layoff
10/29/2019,2019-0127,Plant Layoff,Eastman Kodak Company (Kodak Office),"343 State Street Rochester, NY 14650",Monroe County,(585) 724-6615,Photographic equipment and Supplies,1,0,1/26/2020,Economic,The employee is not represented by a union.,Plant Layoff
10/30/2019,2019-0128,Plant Layoff,Eastman Kodak Company (Kodak Office),"343 State Street Rochester, NY 14650",Monroe County,(585) 724-6615,Photographic equipment and Supplies,3,0,1/27/2020,Economic,The employees are not represented by a union.,Plant Layoff
10/31/2019,2019-0129,Plant Layoff,Eastman Kodak Company (Kodak Office),"343 State Street Rochester, NY 14650",Monroe County,(585) 724-6615,Photographic equipment and Supplies,2,0,1/28/2020,Economic,The employees are not represented by a union.,Plant Layoff
10/28/2019,2019-0125,Plant Layoff,L3Harris Technologies,"600 Third Avenue New York, NY 10016",New York County,(212) 805-5318,A global defense technology leader,34,0,January,Economic,The employees are not represented by a union.,Plant Layoff
10/31/2019,2019-0126,Plant Layoff,IPRO Headquarters,"1979 Marcus Avenue, Suite 105 Lake Success, New York 11042",Nassau County,(516) 209-5425,Health Care Service Contracts,136,228,The,End of one of IPRO’s core contracts,The employees are not represented by a union.,Plant Layoff
10/31/2019,2019-0122,Plant Closing,Lord + Taylor,"1825 Palisades Center Drive West Nyack, NY 10994",Rockland County,(860) 626-9652,Retail store,91,91,Employee,Economic,The employees are not represented by a union.,Plant Closing
10/28/2019,2019-0123,Plant Unit Closing,"Bethany Nursing Home & HRF, Inc. and Bethany Retirement Home, Inc.","(collectively Bethany Village) 3005 Watkins Road Horseheads, NY 14845",Chemung County,(607) 378-6954,Food service operations unit,52,52,2/8/2020,"Bethany Village will be contracting with Morrison Community Living, a division of Morrison Management Specialists, Inc.",The employees are not represented by a union.,Plant Unit Closing (ending its food service operations)
9/3/2019,2019-0124,Plant Layoff,"Dexia Credit Local, New York Branch","445 Park Avenue New York, NY 10022",New York County,(212) 705-0725,Bank,33,71,Employee,Economic,The employees are not represented by a union.,Plant Layoff
10/23/2019,2019-0120,Plant Layoff,Eastman Kodak Company (Kodak Office),"343 State Street Rochester, NY 14650",Monroe County,(585) 724-6615,Photographic equipment and Supplies,2,0,January,Economic,The employees are not represented by a union.,Plant Layoff
10/29/2019,2019-0121,Plant Closing,iPic Entertainment Inc.,"1 Hamilton Street Dobbs Ferry, NY 10522",Westchester County,(561) 886-3236,Theater company,126,126,November,Economic,The employees are not represented by a union.,Plant Closing
10/29/2019,2019-0118,Plant Layoff,Macquarie Holdings (U.S.A.) Inc.,"125 W. 55th Street New York, NY 10019",New York County,(212) 231-1916,Fincanial services (US Cash Equities Division),86,0,Separations,Economic,The employees are not represented by a union.,Plant Layoff
10/29/2019,2019-0119,Plant Closing,Cascades Tissue Group,"148 Hudson River Road Waterford, NY 12188",Saratoga County,(518) 238-1900 Ext,Tissue manufacturing and conversion company,96,96,3/27/2020,Economic,The employees are not represented by a union.,Plant Closing
10/24/2019,2019-0115,Plant Layoff,"CONMED Corporation and Buffalo Filter, LLC","5900 Genesee Street Lancaster, NY 14086",Erie County,(201) 419-9246,Medical equipment manufacturer,54,96,February,Economic,The employees are not represented by a union.,Plant Layoff
10/9/2019,2019-0114,Plant Closing,"HMS Ferries, Inc. (HMS Global Maritime LLC)","10 South Street New York, NY 10004",New York County,(812) 941-9990,Full-service marine management company,29,29,10/31/2019,Loss of contract to continue services at the Governors Island site,"International Organization of Masters, Mates & Pilots",Plant Closing
10/25/2019,2019-0117,Plant Closing,Nordstrom (Rack Store at Skyview Center (Store 512),"4024 College Point Blvd., Suite D417 Flushing, NY 11354",Queens County,(206) 303-2756,Retail Store,42,42,The,Economic,The employees are not represented by a union.,Plant Closing
10/23/2019,2019-0116,Plant Layoff,"AmTrust Financial Services, Inc.","600 Essjay Drive Williamsville, NY 14221",Erie County,(216) 727-4798,Insurance,39,74,The,Economic,The employees are not represented by a union.,Plant Layoff
10/11/2019,2019-0111,Plant Layoff,"Home Box Office, Inc.","300 New Highway Hauppauge, NY 11778",Suffolk County,(212) 512-8684,American premium channel,64,157,Four,Merger,Radio and Television Broadcast Engineers Union Local 1212 (IBEW),Plant Layoff
10/9/2019,2019-0110,Plant Closing,Del Frisco's Grille,"160 Walt Whitman Road, Suite 1108B Huntington Station, NY 11746",Suffolk County,(469) 913-1863,Full service restaurant,72,72,12/23/2019,Economic,The employees are not represented by a union.,Plant Closing
10/17/2019,2019-0109,Plant Closing,Premier Paratransit LLC,"940 Remsen Avenue Brooklyn, NY 11236",Brooklyn County,(718) 927-1410 Ext,Full service transportation business geared towards the physically challenged.,303,303,Affected,Loss of contract with the New York City Transit Authority,Local 713 International Brotherhood of Trade Unions,Plant Closing
10/17/2019,2019-0108,Plant Layoff,Cartoon Network Enterprises,"30 Hudson Yards New York, NY 10001",New York County,(404) 575-9735,Media services,7,12,Separations,Economic,The employees are not represented by a union.,Plant Layoff
10/16/2019,2019-0100,Plant Unit Closing,"EmblemHealth Services Company, LLC","55 Water St. New York, NY 10041",New York County,(646) 447-0495,Health claims processing,60,1241,Separations,Relocation of claims processing work,Local 153 Office & Professional Employees International Union,Plant Unit Closing
10/15/2019,2019-0101,Plant Layoff,ER Select LLC at St. James Mercy Hospital,"411 Canisteo Street Hornell, NY 14843",Steuben County,(585) 420-3914,Professional Employer Organization,352,352,12/31/2019,Termination of contract with St. James Mercy Hospital.,The employees are not represented by a union.,Plant Layoff
10/1/2019,2018-0438,Plant Closing,"DHR Restaurant Co. LLC, aka Rare Bar & Grill Murray Hill","303 Lexington Avenue New York, NY 10016",New York County,(646) 401-4727,Restaurant,47,47,2/29/2020,Seasonal venue,The employees are not represented by a union.,Plant Closing
9/20/2019,2019-0107,Plant Layoff,"PRWT Services, Inc.","1150 South Avenue Staten Island, NY 10314",Richmond County,(215) 569-8810 Ext,Data Processing Services,117,117,12/20/2019,Contracted work is being relocated by contracting entity,The employees are not represented by a union.,Plant Layoff
10/2/2019,2019-0099,Plant Layoff,Home Box Office. Inc. (HBO Service Corp.),"30 Hudson Yards New York, NY 10001",New York County,(212) 512-7699,American premium channel,32,1176,Separations,Merger,The employees are not represented by a union.,Plant Layoff
10/8/2019,2019-0096,Plant Closing,Port Morris Tile & Marble LP,"460 West 34th Street, Ste1700 New York, NY 10001",New York County,(718) 378-6100,Tile and terrazzo contactors,189,215,January,Economic,BAC Local 7 and International Brotherhood of Teamsters Local 282,Plant Closing
10/8/2019,2019-0098,Plant Layoff,Eastman Kodak Company (Kodak Office),"343 State Street Rochester, NY 14650",Monroe County,(585) 724-6615,Photographic equipment and Supplies,1,0,1/6/2020,Economic,The employee is not represented by a union.,Plant Layoff
8/06/2019,2019-0029,Plant Closing,Transform KM LLC (Kmart Store 04726),"975 Fairmount Ave W E Jamestown, NY 14701",Chautauqua County,(847) 286-1427,Retail store,35,35,Separations,Economic,The employees are not represented by a union.,Plant Closing
10/3/2019,2019-0094,Plant Layoff,Eastman Kodak Company,"(Kodak Office) 343 State Street Rochester, NY 14650",Monroe County,(585) 724-6615,Photographic equipment and Supplies,1,0,12/31/2019,Economic,The employees are not represented by a union.,Plant Layoff
10/8/2019,2019-0093,Plant Layoff,"CONMED Corporation and Buffalo Filter, LLC","5900 Genesee Street Lancaster, NY 14086",Erie County,(574) 306-8710,Medical equipment manufacturer,6,96,January,Economic,The employees are not represented by a union.,Plant Layoff
10/7/2019,2019-0091,Plant Layoff,"Bonobos, Inc., a subsidiary of Walmart, Inc.","45 West 25th Street, 3rd Floor New York, NY 10110",New York County,(646) 532-5800,An e-commerce-driven apparel subsidiary of Walmart headquartered in New York City that designs and sells men's clothing.,26,220,1/17/2020,Changes to its organizational structure,The employees are not represented by a union.,Plant Layoff
10/2/2019,2019-0045,Plant Closing,Library Bar (at Hudson Hotel),"358 West 58th St. New York, NY 10019",New York County,(212) 453-6400,Bar in the Hudson Hotel,13,13,11/3/2019,Economic,"New York Hotel & Motel Trades Council, AFL-CIO, affiliated with UNITE HERE, Local 6",Plant Closing
10/4/2019,2019-0089,Plant Closing,"J & M Distributing Co., Inc. (Certo Brothers Distributing)","2500 North America Drive West Seneca, NY 14224",Erie County,(716) 827-1133 Ext,Beer and Ale Merchant Wholesalers,270,270,The,Economic,"Teamsters Local 264, I.B.T.",Plant Closing
10/3/2019,2019-0090,Plant Closing,"RAROC, Inc. a subsidiary of Patina Restaurant Group, LLC","45 Rockefeller Plaza New York, NY 10111",New York County,(347) 491-9358,Restaurant and Entertainment,328,328,The,Lease termination,The employees are not represented by a union.,Plant Closing
10/4/2019,2019-0083,Plant Closing,"Taft Food Court, LLC - Restaurant Complex - Food Court (Pizza Hut, Nathan's and KFC) and Tad's Steaks Restaurants","761 Seventh Ave New York, NY 10019",New York County,(212) 560-1749,Restaurant,41,41,Separations,Economic,Tad's Steaks are represented by the UNITE HERE Local 100,Plant Closing
10/4/2019,2019-0088,Plant Closing,New York Health & Racquet Club,"62 Cooper Square New York, NY 10003",New York County,(212) 220-0673,Health and fitness center,57,57,All,Economic,The employees are not represented by a union.,Plant Closing
10/3/2019,2019-0019,Plant Closing,New York Health & Racquet Club,"60 West 23rd Street New York, NY 10010",New York County,(212) 220-0655,Health and fitness center,104,104,10/31/2019,Economic,The employees are not represented by a union.,Plant Closing
10/3/2019,2019-0087,Plant Closing,"Queens Medical Associates, P.C.","176-60 Union Turnpike Fresh Meadows, NY 11366",Queens County,(718) 312-3453,Hematology and medical oncology care for patients with cancer and blood disorders.,130,130,1/15/2020,Company selling all of its assets,The employees are not represented by a union.,Plant Closing
10/1/2019,2019-0082,Plant Closing,"Bunge Management Services, Inc.","50 Main Street, 6th Floor White Plains, NY 10606",Westchester County,(914) 684-3231,Regulation of agricultural marketing,67,67,The,Relocation of office,The employees are not represented by a union.,Plant Closing
10/1/2019,2019-0081,Plant Closing,Hotel Wales,"1295 Madison Avenue New York, NY 10128",New York County,(212) 683-3000,Hotel,42,42,12/31/2019,Economic,"New York Hotel & Motel Trades Council, AFL-CIO Local 6 Division A",Plant Closing
9/30/2019,2019-0080,Plant Closing,"57th Street, LLC d/b/a Kingside & The Roof","124 West 57th Street, Ground Floor & 29th Floor New York, NY 10019",New York County,(212) 750-6361 Ext,Hotel,107,107,1/1/2020,Sale of the hotel and lease was terminated,The employees are not represented by a union.,Plant Closing
10/1/2019,2019-0084,Plant Closing,"Isabella Visiting Care, Inc.","39 Broadway New York, NY 10006",New York County,(212) 356-5880,Licensed home care agency,569,569,12/31/2019,"Purchased by Bestcare, Inc.",1199 Service Employees International Union (SEIU),Plant Closing
10/1/2019,2019-0085,Plant Closing,"BINS Holdings, LLC fka BASIS Independent Schools, LLC (Manhattan)","795 Columbus Avenue New York, NY 10025",New York County,(480) 220-6081,"National network of PreK-12 private, secular schools",68,68,12/31/2019,"Acquired by Spring Education Group, Inc.",The employees are not represented by a union.,Plant Closing
9/26/2019,2019-0071,Plant Layoff,AllianceBernstein L.P. (Phase 7),"1345 Sixth Avenue New York, NY 10105",New York County,(212) 969-2135,Providing investment management and research services,51,1339,December,"Relocation of Corporate Headquarters to Nashville, Tennessee",The employees are not represented by a union.,Plant Layoff
9/27/2019,2019-0073,Plant Closing,"Merastar Insurance Company, a subsidiary of Kemper Corporation","5784 Widewaters Parkway DeWitt, NY 13214",Onondaga County,(570) 496-5646,Insurance,50,50,12/27/2019,Economic,The employees are not represented by a union.,Plant Closing
9/29/2019,2019-0074,Plant Closing,"Lane Bryant, Inc.","380 Fulton Street Brooklyn, NY 11201",Kings County,(614) 463-4851,Women's apparel,82,82,"12/29/2019,",Economic,"Retail, Wholesale and Department Store Union (RWDSU/UFCW) Local 338",Plant Closing
9/20/2019,2019-0070,Plant Layoff,"Crosstex International, Inc. (Cantel) Phase 2","10 Ranick Road Hauppauge, NY 11788",Suffolk County,(631) 582-6777,Dental equipment distribution and manufacturing,7,88,Separations,"Restructuring which will involve the relocation of certain dental equipment distribution and manufacturing operations to Rush, NY.",The employees are not represented by a union.,Plant Layoff
9/30/2019,2019-0076,Plant Unit Closing,Newsday LLC,"235 Pinelawn Road Melville, NY 11747",Suffolk County,(631) 843-2654,Newspaper print and distribution,1,708,This,Economic,The affected employee is not represented by a union.,Plant Unit Closing
10/1/2019,2019-0077,Plant Closing,AEG Presents (operator of PlayStation Theater aka The Best Buy Theater),"1515 Broadway New York, NY 10036",New York County,(212) 375-1200,Broadway Theater,62,62,The,"AEG Presents, the operator of PlayStation Theater aka The Best Buy Theater, will permanantly cease all of its operations of the theater.",International Alliance of Theatrical Stage Employees (IATSE) Local 1,Plant Closing
9/25/2019,2019-0079,Plant Closing,Empire State Brewing Corp. d/b/a Heartland Brewery,"350 Fifth Ave New York, NY 10118",New York County,(917) 999-6532,Restaurant,96,96,The,Economic,The employees are not represented by a union.,Plant Closing
10/1/2019,2019-0078,Plant Unit Closing,Edwards Vacuum LLC,"6416 Inducon Drive West Sanborn, NY 14132",Niagara County,(716) 990-6029,Appliance Manufacturer,65,104,Separations,Plant Manufacturing Unit Relocating,The employees are not represented by a union.,Plant Unit Closing
9/23/2019,2019-0069,Plant Closing,Concorde Medical Group PLLC,"316 East 30th Street, Floor 2 New York, NY 10116",New York County,(212) 481-4493,Home Health Care,115,115,12/31/2019,Economic,The employees are not represented by a union.,Plant Closing
9/20/2019,2019-0067,Plant Closing,"Pet Partners, LLC","5 Mountain Ledge Drive Wilton, NY 12831",Saratoga County,(518) 226-3508,Animal hospital,49,49,The,Economic,The employees are not represented by a union.,Plant Closing
9/9/2019,2019-0065,Plant Layoff,Home Box Office. Inc. (HBO Service Corp.),"30 Hudson Yards New York, NY 10001",New York County,(212) 512-5644,"American premium channel owned by the Home Box Office, Inc.",15,1176,Separations,Merger,The employees are not represented by a union.,Plant Layoff
9/20/2019,2018-0431,Plant Closing,American Technical Ceramics Corp,"One Norden Lane Huntington Station, NY 11746",Suffolk County,(631) 622-4772,Manufacturer of capacitors,24,157,The,Economic,The employees are not represented by a union.,Plant Closing
9/16/2019,2018-0419,Plant Closing,"WestRock CP, LLC","28 Park Drive Amsterdam, NY 12010",Montgomery County,(803) 367-1396,American corrugated packaging company.,52,52,Separations,Economic,"Amalgamated Lithographers of America, Local 259",Plant Closing
9/17/2019,2019-0064,Plant Closing,Sure Winner Foods,"102 Farrell Rd Syracuse, NY 13209",Onondaga County,(501) 305-9055,Dairy Product (except Dried or Canned) merchant Wholesalers,106,To,The,Business partner’s elimination of direct store deliveries,The employees are not represented by a union.,Plant Closing
9/15/2019,2019-0063,Plant Closing,Briad Restaurant Group LLC dba Fridays,"1780 East Gun Hill Rd Bronx, NY 10469",Bronx County,(973) 255-6187,Restaurant,62,62,12/22/2019,Economic,The employees are not represented by a union.,Plant Closing
9/11/2019,2018-0395,Plant Closing,"American Precision Industries, Inc.","45 Hazelwood Drive Amherst, NY 14228",Erie County,(630) 694-3339,Transmission Company,79,79,The,Economic,"International United Automobile, Aerospace and Agricultural Implement Workers of America (UAW) Local Union No. 1416",Plant Closing
9/11/2019,2019-0053,Plant Closing,"Premier Fixtures, LLC","400 Oser Avenue, Suite 350 Hauppauge, NY 11788",Suffolk County,(631) 236-4525 Ext,Custom architectural woodwork & millwork manufacturing,44,44,Separations,Economic,The employees are not represented by a union.,Plant Closing
May,2019-0062,Plant Layoff,"Goldman, Sachs & Co. LLC","200 West Street New York, NY 10282",New York County,(212) 357-2191,Global investment banking,2,8963,Separations,Economic,The employees are not represented by a union.,Plant Layoff
9/12/2019,2019-0052,Plant Closing,IntraPac International LLC,"4 Plant Street Plattsburgh, NY 12901",Clinton County,(704) 360-8918,Plastic Production Manufacturer,83,83,Employees,"Moving production to Mebane, NC facility",Teamsters Local 687,Plant Closing
9/10/2019,2019-0051,Plant Closing,F.G.W.J. Food Corp.,"427 East 14th Street New York, NY 10009",New York County,(212) 254-1586,Supermarket,73,73,12/10/2019,Economic,"United Food & Commercial Workers (UFCW) Local 342, and Retail, Wholesale and Department Store Union Local 338",Plant Closing
9/6/2019,2019-0049,Plant Layoff,Deutsche Bank,"60 Wall Street New York, NY 10005",New York County,(212) 250-9093,Banking,104,4800,Separations,Economic,The employees are not represented by a union.,Plant Layoff
8/30/2019,2019-0046,Plant Closing,Damiano Corp of South Sutphin dba McDonald's,"90-67 Sutphin Blvd. Jamaica, NY 11435",Queens County,(201) 794-7606 Ext. 7880,Restaurant,30,30,11/30/2019,Economic,The employees are not represented by a union.,Plant Closing
8/15/2019,2019-0050,Plant Layoff,"Home Box Office, Inc.","30 Hudson Yards New York, NY 10001",New York County,(212) 512-5644,American premium channel,3,0,11/15/2019,Merger,The employees are not represented by a union.,Plant Layoff
8/29/2019,2019-0047,Plant Layoff,IPT LLC dba Paylock,"3717 Irwin Ave Bronx, NY 10463",Bronx County,(908) 595-6900 Ext,Provides unique parking management products and services,15,15,Separations,Loss of contract with the city of New York,The employees are not represented by a union.,Plant Layoff
9/4/2019,2019-0044,Plant Closing,Johnson and Hoffman LLC,"40 Voice Road Carle Place, NY 11514",Nassau County,(816) 868-8690,Metal stamping service,63,63,The,Economic,The employees are not represented by a union.,Plant Closing
9/4/2019,2019-0043,Plant Closing,"WS Packaging Group, Inc.","29 Jetview Drive Rochester, NY 14624",Monroe County,(814) 493-3950,Produce high-quality label and packaging products,38,38,The,Economic,The employees are not represented by a union.,Plant Closing
8/29/2019,2019-0041,Plant Closing,Transform KM LLC (Kmart Unit #04034),"2803 Brewerton Rd Mattydale, NY 13211",Onondaga County,(847) 286-1427,Retail store,55,55,Separations,Economic,The employees are not represented by a union.,Plant Closing
8/29/2019,2019-0040,Plant Closing,Transform KM LLC (Kmart Unit #03415),"1001 Hertel Avenue Buffalo, NY 14216",Erie County,(847) 286-1427,Retail store,58,58,Separations,Economic,The employees are not represented by a union.,Plant Closing
8/29/2019,2019-0042,Plant Closing,Transform KM LLC (Kmart Unit #09414),"Rte 118 355 Downing Dr. Yorktown Heights, NY 10598",Westchester County,(847) 286-1427,Retail store,41,41,Separations,Economic,The employees are not represented by a union.,Plant Closing
8/29/2019,2019-0039,Plant Closing,Eastern Niagara Hospital,"2600 Williams St. Newfane, NY 14180",Niagara County,(716) 514-5542,Hospital,42,42,Affected,Economic,New York State Nurses Association (NYSNA) and Service Employees International Union (SEIU),Plant Closing
8/23/2019,2019-0038,Plant Closing,La Loggia LLC d/b/a Tarry Lodge Port Chester,"18 Mill Street Port Chester, NY 10573",Westchester County,(646) 556-5467,Restaurant,50,50,11/22/2019,Due to construction occurring on the premises.,The employees are not represented by a union.,Plant Closing
8/27/2019,2019-0037,Plant Closing,"MarineMax Services, Inc.","846 South Wellwood Ave. Lindenhurst, NY 11757",Suffolk County,(727) 400-3513,Recreational boat and yacht dealer,50,50,All,Due to construction occurring on the premises.,The employees are not represented by a union.,Plant Closing
8/19/2019,2019-0036,Plant Closing,Research Foundation of The City University of New York Mental Health Services Corps,"(various NYC sites) 230 West 41st Street New York, NY 10036",Kings County,(212) 417-8601,Home care services,265,265,Employment,"Transferring the Mental Health Services Corps from Hunter College, The City University of New York to the New York City Health and Hospitals Corporation.",The employees are not represented by a union.,Plant Closing
8/19/2019,2019-0035,Plant Layoff,"Metropolitan Jewish Home Care, Inc. dba MJHS Home Care","6323 Seventh Avenue Brooklyn, NY 11220",Kings County,(718) 491-7290,Home care services,28,170,11/18/2019,Economic,The employees are not represented by a union.,Plant Layoff
8/16/2019,2019-0034,Plant Closing,"Nestle USA, Inc. (and Nestle Dreyer's Ice Cream Company)","565 Broadhollow Road Farmingdale, NY 11735",Nassau County,(703) 682-7742,Packaged Foods,39,39,The,Shifting from direct-store delivery (DSD) to a warehouse distribution model for its frozen pizza and ice cream businesses.,The employees are not represented by a union.,Plant Closing
8/15/2019,2019-0032,Plant Closing,Transform KM LLC (Kmart Unit 04871),"2280 North Ocean Avenue Farmingville, NY 11738",Suffolk County,(847) 286-1427,Retail store,91,91,Separations,Economic,The employees are not represented by a union.,Plant Closing
8/16/2019,2019-0033,Plant Closing,"RNN News, LLC (Verizon Corporate Services Group Inc.'s FIOS1 News network)","800 Westchester Avenue Rye Brook, NY 10573",Westchester County,(914) 417-2700,Provides news programming and support services for Verizon Corporate Services Group Inc.’s FiOSl News network,145,145,11/15/2019,Expiration of contract,The employees are not represented by a union.,Plant Closing
8/1/2019,2019-0031,Plant Closing,The Service Companies at Innside New York,"70-74 Morningside Drive New York, NY 10027",New York County,(786) 237-2200,Housekeeping Services,66,66,Separations,Termination of housekeeping services agreement,The employees are not represented by a union.,Plant Closing
7/18/2019,2019-0025,Plant Closing,Spruce & Bond (HBG employees),"25 Bond Street New York, NY 10012",New York County,(646) 360-1413,"Wax, Laser, Brows in a hi-tech studio",6,0,Layoffs,Economic,The employees are not represented by a union.,Plant Closing
8/9/2019,2019-0030,Plant Closing,PAE Field Offices Support Services (FOSS),"Jacob Javits Federal Building, 26 Federal Plaza New York, NY 10278",New York County,(703) 656-7844,Support and professional services focused on national security customers.,97,97,Layoffs,Loss of contract,The employees are not represented by a union.,Plant Closing
8/6/2019,2018-0031,Plant Closing,CenterLight Certified Home Health Agency (CHHA),"1000 Gates Avenue (formerly located at 596 Prospect Place in Brooklyn, NY)  Brooklyn, NY 11221",Brooklyn County,(347) 920-7277,Home Health Care,105,105,Separations,Sale to Cassena Care,1199 SEIU United Healthcare Workers East and the New York State Nurses Association (NYSNA),Plant Closing
8/5/2019,2019-0014,Plant Closing,Community Development Institute Head Start,"216 Beach 87th Street Rockaway Beach, NY 11693",Queens County,603-427-0224,Pre-School,0,63,Due,Economic,The employees are not represented by a union.,Plant Closing
7/29/2019,2019-0022,Plant Layoff,L3 Harris Technologies,"600 Third Avenue New York, NY 10016",New York County,(212) 805-5318,A global defense technology leader,33,117,10/31/2019;,Economic,The employees are not represented by a union.,Plant Layoff
4/18/2019,2019-0024,Plant Layoff,"Goldman, Sachs & Co. LLC","200 West Street New York, NY 10282",New York County,(212) 357-219,A global defense technology leader,10,117,Employee,Economic,The employees are not represented by a union.,Plant Layoff
7/16/2019,2019-0012,Plant Layoff,"Turner Broadcasting System, Inc.","501 West 30th Street New York, NY 10001",New York County,(404) 878-7886,Company research & investing information,2,1725,Two,Economic,The employees are not represented by a union.,Plant Layoff
7/16/2019,2019-0017,Plant Closing,The Kildonan School,"425 Morse Hill Road Amenia, NY 12501",Dutchess County,(402) 649-2162,School,59,59,Separations,Economic,The employees are not represented by a union.,Plant Closing
7/29/2019,2019-0021,Plant Closing,"Crystal Run Health Plan, LLC (Phase 2)","109 Rykowski Lane Middletown, NY 10941",Orange County,(845) 703-6106,Health Plans,3,26,Separations,Economic,The employees are not represented by a union.,Plant Closing
7/29/2019,2019-0018,Plant Closing,Dean & DeLuca Inc.,"29-35 9th Avenue New York, NY 10014",New York County,(316) 821-3286,Gourmet foods and fine food gifts,35,35,Separations,Economic,The employees are not represented by a union.,Plant Closing
7/26/2019,2018-0441,Plant Closing,Dean & DeLuca Inc.,"1150 Madison Avenue New York, NY 10028",New York County,(316) 821-3286,Gourmet foods and fine food gifts,58,58,Separatons,Loss of lease for the premises,The employees are not represented by a union.,Plant Closing
7/19/2019,2019-0016,Plant Closing,Plated Fulfillment Center,"511 Barry Street Bronx, NY 10474",Bronx County,(631) 334-1937,Prepare and distribute meal kits,98,98,10/12/2019,"Relocation of operations to Totowa, New Jersey",The employees are not represented by a union.,Plant Closing
7/18/2019,2019-0015,Plant Layoff,DB USA Core Corporation (Deutsche Bank),"60 Wall Street New York, NY 10005",New York County,(212) 250-9093,Prepare and distribute meal kits,98,98,10/12/2019,"Relocation of operations to Totowa, New Jersey",The employees are not represented by a union.,Plant Layoff
7/10/2019,2018-0374,Plant Closing,CallVista LLC,"530 Summit Point Drive Henrietta, NY 14467",Monroe County,(443) 278-8596,Call center,27,27,Separations,Economic,The employees are not represented by a union.,Plant Closing
7/10/2019,2018-0376,Plant Closing,ClickSpark LLC,"530 Summit Point Drive Henrietta, NY 14467",Monroe County,(443) 278-8596,Internet marketing service,6,6,Separations,Economic,The employees are not represented by a union.,Plant Closing
7/16/2019,2019-0013,Plant Closing,Saks Fifth Avenue OFF 5th,"2100 Bartow Avenue Bronx, NY 10475",Bronx County,(609) 462-3260,Internet marketing service,6,6,Employee,Economic,The employees are not represented by a union.,Plant Closing
7/11/2019,2019-0011,Plant Closing,Transform SR LLC (Sears Full Line Store Unit 01624),"283 Platinum Ave Staten Island, NY 10314",Richmond County,(847) 286-1427,Retail Store,39,39,Separations,Economic,The employees are not represented by a union.,Plant Closing
7/10/2019,2019-0010,Plant Closing,"Amneal Pharmaceuticals, LLC","75 Adams Avenue Hauppauge, NY 11788",Suffolk County,(732) 645-3046,Pharmaceutical company,18,220,Separations,Economic,The employees are not represented by a union.,Plant Closing
7/12/2019,2018-0415,Plant Closing,"Dry Cycle Brands, LLC dba FlyCleaners","4700 Northern Blvd. Long Island City, NY 11101",Queens County,(646) 727-0819,"Pickup, delivery, dry cleaning, and laundry services.",71,71,Separations,Economic,The employees are not represented by a union.,Plant Closing
7/10/2019,2019-0009,Plant Layoff,Turner Broadcasting Sales Inc.,"30 Hudson Yards New York, NY 10001",New York County,(212) 275-6550,Company research & investing information,14,620,Eleven,Economic,The employees are not represented by a union.,Plant Layoff
7/8/2019,2019-0006,Plant Layoff,Barclays Services Corp. (Chief Operating Office and Functions  teams),"745 7th Avenue New York, NY 10019",New York County,(212) 526-5862,Company research & investing information,14,620,The,Economic,The employees are not represented by a union.,Plant Layoff
7/10/2019,2019-0007,Plant Layoff,AllianceBernstein L.P. (Phase 6),"1345 Sixth Avenue New York, NY 10105",New York County,(212) 969-2135,Company research & investing information,14,620,October,Economic,The employees are not represented by a union.,Plant Layoff
7/8/2019,2019-0005,Plant Unit Closing,"Deutsche Bank Securities  Inc., DB USA Core Corporation, and Deutsche Bank AG, New York Branch, and DB  USA Corp. (together, ""Deutsche Bank"")","60 Wall Street Brooklyn, NY 10005",New York County,(212) 250-9093,Company research & investing information,14,620,Separations,Economic,The employees are not represented by a union.,Plant Unit Closing
7/8/2019,2019-0004,Plant Closing,Empire Paratransit Corp.,"880 Alabama Avenue Brooklyn, NY 11207",Kings County,(718) 272-2060,Transportation service provider,325,325,The,"New York Transit Authority terminated Empire Paratransit Corp.'s contract as of July 2, 2019.","United Service Workers Union, Local 355",Plant Closing
7/1/2019,2019-0003,Plant Closing,Columbia University (Early Head Start Program),"4467 Broadway New York, NY 10040",New York County,(212) 305-0261,Transportation service provider,325,325,Separations,"New York Transit Authority terminated Empire Paratransit Corp.'s contract as of July 2, 2019.","1199, SEIU United  Healthcare Workers East (one employee is represented by the union)",Plant Closing
7/1/2019,2019-0002,Plant Closing,"Advance Transit Co., Inc.","1340 Lafayette Avenue Bronx, NY 10474",Bronx County,(718) 589-0015 ext. 311 / (212) 688-0888,Provides transportation throughout the five boroughs of NYC for people with disabilities.,143,143,Separations,Loss of contract with the Metropolitan Transit Authority – New York City Transit Authority,"International Brotherhood of Teamsters, Local 553",Plant Closing
6/28/2019,2018-0439,Plant Layoff,"Crosstex International, Inc. (Cantel)","10 Ranick Road Hauppauge, NY 11788",Suffolk County,(631) 582-6777,Dental equipment distribution and manufacturing,5,99,Separations,"Restructuring which will involve the relocation of certain dental equipment distribution and manufacturing operations to Rush, NY.",The employees are not represented by a union.,Plant Layoff
7/1/2019,2019-0001,Plant Layoff,JPMorgan Asset Management Holdings Inc. (JPMorgan Chase & Co.),"40 W. 57th Street New York, NY 10019",New York County,(212) 464-1953,Finance,52,106,9/30/2019,Restructuring,The employees are not represented by a union.,Plant Layoff
6/28/2019,2018-0436,Plant Closing,LimeLife USA LLC d/b/a Limelife by Alcone,"(Warehouse) 8 Westchester Plaza Elmsford, NY 10523",Westchester County,(646) 567-0066,"Retails chemical-free, natural, organic skin care, professional makeup",39,39,10/1/2019,Economic,The employees are not represented by a union.,Plant Closing
6/28/2019,2018-0437,Plant Closing,"Rare Chelsea Restaurant Group, LLC, aka Rare Bar & Grill Chelsea","152 West 26th Street New York, NY 10001",New York County,(646) 401-4727,Restaurant,79,79,9/30/2019,Economic,The employees are not represented by a union.,Plant Closing
Notices,2018-0434,Plant Layoff,"Warner Media, LLC (formerly Time Warner Inc.)","One Time Warner Center New York, NY 10019",New York County,(212) 484-6572,Media services,63,0,Separations,Merger,The employees are not represented by a union.,Plant Layoff
6/18/2019,2018-0433,Plant Closing,Banfi Products Corporation (Warehouse),"1111 Cedar Swamp Road Glen Head, NY 11545",Nassau County,(516) 686-2579,Wine and Distilled Alcoholic Beverage Merchant Wholesalers,1,64,The,Economic,The employees are not represented by a union.,Plant Closing
6/20/2019,2018-0429,Plant Closing,Four Seasons Restaurant,"42 East 49th Street New York, NY 10007",New York County,(212) 754-9494,Restaurant,85,85,6/11/2019,Economic,"UNITE HERE, Local 100",Plant Closing
6/21/2019,2018-0432,Plant Closing,"Ivy Enterprises, Inc.","3 Seaview Blvd Port Washington, NY 11050",Nassau County,(516) 625-9292,Restaurant,85,85,6/11/2019,Relocated to New Jersey,The employees are not represented by a union.,Plant Closing
6/18/2019,2018-0430,Plant Closing,"Kiss Products, Inc. (Warehouse)","57 Seaview Blvd Port Washington, NY 11050",Nassau County,(516) 625-9292,Restaurant,54,196,Separations,Relocated to New Jersey,The employees are not represented by a union.,Plant Closing
6/17/2019,2018-0427,Plant Layoff,"CONMED Corporation and Buffalo Filter, LLC","5900 Genesee Street Lancaster, NY 14086",Erie County,(574) 306-8710,Medical equipment manufacturer,24,82,The,Economic,The employees are not represented by a union.,Plant Layoff
6/17/2019,2017-0218,Plant Closing,Jabil Inc.,"2455 South Road, Bldg 002-2, Core Office 1 Poughkeepsie, NY 12601",Dutchess County,(901) 202-7440,Global manufacturing services company.,83,83,Termination,Economic,The affected workers are not represented by a union.,Plant Closing
6/17/2019,2018-0426,Plant Layoff,"Home Health Services of WJCS, Inc.","845 North Broadway White Plains, NY 10603",Westchester County,(914) 761-0600 Ext,Personal care aides and certified home health care aides,73,685,Separations,Reduction in home health aide services.,The employees are not represented by a union.,Plant Layoff
6/1/2019,2018-0423,Plant Closing,"M. Slavin & Sons, Ltd.","800 Food Center Drive, Unit 66 Bronx, NY 10474",Bronx County,(718) 732-4800 Ext,Wholesale distribution fresh fish,48,48,6/1/2019,Economic,United Seafood Workers Smoked Fish & Cannery Union Local 359 of Greater New York & Vicinity,Plant Closin
April,2018-0424,Plant Layoff,"Goldman, Sachs & Co. LLC","200 West Street New York, NY 10282",New York County,(212) 357-2191,Global investment banking,16,9352,Separations,Economic,The employees are not represented by a union.,Plant Layoff
6/13/2019,2018-0425,Plant Unit Closing,WNY Logistics LLC,"Warehouse 1587 Haskell Road Olean, NY 14760",Cattaraugus County,(603) 903-5148,"Warehouse - Frozen, parishable, and non-parishable foods",134,214,Separations,"Warehousing duties will be shifted to DuBois, PA.",The employees are not represented by a union.,Plant Unit Closing
6/12/2019,2018-0422,Plant Closing,Hillside Children's Center (Hillside Family of Agencies),"Varick Residential Treatment Campus 4887 State Route 96A Romulus, NY 14541",Seneca County,(585) 654-1391,Provider of care for youth and families with a wide range of emotional and behavioral challenges.,244,244,9/10/2019,Recognized national and statewide trends impacting the field of child-and-family services and the number of beds in residential treatment facilities.,The employees are not represented by a union.,Plant Closing
6/13/2019,2018-0421,Plant Closing,"Amsterdam Printing & Litho, Inc. (Web Graphics)","428 Corinth Road Queensbury, NY 12804",Warren County,(518) 954-2826,Graphic Design Services,88,88,Separations,Economic,The employees are not represented by a union.,Plant Closing
6/6/2019,2018-0418,Plant Layoff,AllianceBernstein L.P. (Phase 5),"1345 Sixth Avenue New York, NY 10105",New York County,(212) 969-6169,Providing investment management and research services,24,1461,Layoffs,"Relocation of Corporate Headquarters to Nashville, Tennessee",The employees are not represented by a union.,Plant Layoff
6/11/2019,2018-0420,Plant Closing,"John Hassall, LLC.","609 Cantiague Rock Road Westbury, NY 11590",Nassau County,(516) 334-6200,Manufacturing custom designed metal parts & fasteners,39,39,The,Economic,The employees are not represented by a union.,Plant Closing
6/3/2019,2018-0414,Plant Closing,Transform SR LLC (Full Line Store Unit 01733),"Rte 87 (NY St) & Cross Ct Pkwy Yonkers, NY 10704",Westchester County,(847) 286-1427,Retail Store,170,170,Employment,Economic,The employees are not represented by a union.,Plant Closing
6/5/2019,2018-0416,Plant Closing,"Lucky Strike Entertainment, LLC","One Crossgates Mall Road Albany, NY 12203",Albany County,(818) 933-3759,"Large  entertainment center with bowling, a game room, live music & a modern  American gastropub.",65,65,6/28/2019,Economic,The employees are not represented by a union.,Plant Closing
6/5/2019,2018-0417,Plant Closing,"Steiner Sports Memorabilia, Inc.","145 Huguenot Street New Rochelle, NY 10801",Westchester County,(914) 307-1085,Autographed  sports collectibles from the greatest teams and the best athletes in sports.,65,65,Separation,Economic,The employees are not represented by a union.,Plant Closing
5/31/2019,"2018-0411, 2018-0412, 2018-0413",Plant Closing,"Imperial Distributors, Inc. (at Stop and Shop stores in New York State)","3106 Farrington Street Flushing, NY 11354",Richmond County,(508) 713-6557,Merchandising products in Grocery Stores,42,42,8/31/2019,"These are Imperial Distributors, Inc. Sales Service Representatives/Merchandisers working in Stop and Shop stores. The stores are not closing but rather Imperial’s contract to service in these stores is ending.",The employees are not represented by a union.,Plant Closing
6/3/2019,2018-0410,Plant Closing,Briad Restaurant Group LLC d/b/a Fridays,"Staten Island Mall 280 Marsh Ave Staten Island, NY 10314",Richmond County,(973) 255-6187,Restaurant,38,38,9/8/2019,Economic,The employees are not represented by a union.,Plant Closing
5/31/2019,2018-0409,Plant Unit Closing,Newsday LLC,"235 Pinelawn Road Melville, NY 11747",Suffolk County,(631) 843-2654,Newspaper print and distribution,16,794,This,Economic,"Local 406, Graphic Communications Conference, International Brotherhood of Teamsters",Plant Unit Closing
5/23/2019,2018-0292,Plant Closing,Kuni's Corporation d/b/a Ikinari Steak,"96 8th Avenue New York, NY 10011",New York County,(646) 692-9301,Restaurant,5,5,5/31/2019;,Economic,The employees are not represented by a union.,Plant Closing
5/28/2019,2018-0408,Plant Layoff,Courtroom Television Network LLC ( WarnerMedia),"One Time Warner Center New York, NY 10019",New York County,(818) 559-7979,Media services,48,0,Separations,Economic,The employees are not represented by a union.,Plant Layoff
5/30/2019,2018-0364,Plant Closing,"Crystal Run Health Plan, LLC","109 Rykowski Lane Middletown, NY 10941",Orange County,(845) 703-6106,Health Plans,7,32,Employee,Economic,The employees are not represented by a union.,Plant Closing
5/24/2019,2018-0403,Possible Plant Closing,Arcadia Group (USA) Limited at Topshop and Topman Stores –  SoHo Store,"478 Broadway New York, NY 10013",New York County,-----,British  multinational men & woman fashion retailer,172,172,6/19/2019,Economic,The employees are not represented by a union.,Possible Plant Closing
5/20/2019,2018-0406,Plant Layoff,Eastman Kodak Company (Kodak Office) Remote Workers,"343 State Street Rochester, NY 14650",Monroe County,(585) 724-6615,Photographic equipment and Supplies,2,0,8/17/2019,Economic,The employees are not represented by a union.,Plant Layoff
5/21/2019,2018-0402,Plant Closing,"Chelsea Park, LLC dba The Park","118 Tenth Avenue New York, NY 10011",New York County,(646) 616-5632,Restaurant,129,129,8/25/2019,Economic,The employees are not represented by a union.,Plant Closing
5/21/2019,2018-0401,Plant Closing,"DBX, Inc., a subsidiary of The Dress Barn, Inc. and Ascena Retail Group, Inc","33 West 19th Street New York, NY 10011",New York County,(551) 777- 6936,Clothing Store,30,30,Separations,Economic,The employees are not represented by a union.,Plant Closing
5/21/2019,2018-0400,Plant Unit Closing,"Geritrex, LLC","40 Commercial Avenue Middletown, NY 10941",Orange County,(914) 668-4003 Ext,Pharmaceutical preparations,56,76,Employee,Company will be shifting to a virtual manufacturing model.,The employees are not represented by a union.,Plant Unit Closing
5/23/2019,2018-0289,Possible Plant Layoff,Empire State Mines,"408 Sylvia Lake Rd Gouverneur, NY 13642",St. Lawrence County,(315) 535-3223,Underground zinc mine,87,87,Separations,Restructuring of Operations,The employees are not represented by a union.,Possible Plant Layoff
April,2018-0399,Plant Layoff,"Goldman, Sachs & Co. LLC","200 West Street New York, NY 10282",New York County,(212) 357-2191,Global investment banking,81,9352,Separations,Economic,The employees are not represented by a union.,Plant Layoff
5/13/2019,2018-0398,Plant Layoff,Quin Central Park Hotel,"101 W 57th St. New York, NY 10019",New York County,(646) 589-6550,Hotel services,18,104,9/1/2019,Curtailing housekeeping operations due to renovation of its rooms,"New York Hotel and Motel Trades Council, AFL-CIO",Plant Layoff
5/14/2019,2018-0396,Plant Closing,"Candle Cafe West, LLC","2427 Broadway New York, NY 10024",New York County,(212) 537-7179,Vegan/Organic Restaurant,42,42,4/22/2019,Gas shut off due to faulty connections in the building,The employees are not represented by a union.,Plant Closing
4/30/2019,2018-0393,Plant Closing,Ingersoll Rand,"3101 Broadway Cheektowaga, NY 14227",Erie County,(716) 796-6747,"Engine, Turbine and Power Transmission Manufacturing",228,228,The,Economic,"International Association of Machinists & Aerospace Workers, District 65, Local #330",Plant Closing
5/6/2019,2018-0397,Plant Layoff,Eastman Kodak Company (Kodak Office) Remote Worker,"343 State Street Rochester, NY 14650",Monroe County,(585) 724-6615,Photographic equipment and Supplies,1,0,8/3/2019,Economic,The employees are not represented by a union.,Plant Layoff
5/14/2019,2018-0301,Possible Plant Closing,General Dynamics Information Technology,"9th Street Middle, Building 990 Fort Drum, NY 13602",Jefferson County,(860) 705-9723,IT service management,51,51,Possible,Possible Expiration of Warfighter Focus Contract,The employees are not represented by a union.,Possible Plant Closing
5/9/2019,2018-0358,Plant Closing,"Sodexo, Inc. (at Ithaca College)","1101 Terrace Dining Hall Ithaca, NY 14850",Tompkins County,(607) 274-5197,Food Service Contractors,110,110,Separations,Loss of contract,The employees are not represented by a union.,Plant Closing
5/13/2019,2018-0252,Plant Unit Closing,Concentrix CVG Corporation (Formerly Convergys Corporation),"146 Arsenal Street Watertown, NY 13601",Jefferson County,(513) 592-6050,Inbound Call Center,117,540,The,Loss of Contract,The employees are not represented by a union.,Plant Unit Closing
5/1/2019,2018-0199,Plant Closing,Celmatix Inc. (Operations Office),"14 Wall Street New York, NY 10005",New York County,(917) 371-2506,Biotechnology company,48,48,Employment,Economic,The employees are not represented by a union.,Plant Closing
5/1/2019,2018-0394,Plant Closing,"HN Precision, DBA Nationwide Precision Products","200 Tech Park Drive Rochester, NY 14623",Monroe County,(224) 419-6038,Machining manufacturer,50,50,Layoffs,Economic,The employees are not represented by a union.,Plant Closing
5/1/2019,2018-0392,Plant Unit Closing,Frontier Communications Corp.,"(Technical Support Organization) 122S Jefferson Rd. Rochester, NY 14623",Monroe County,(585) 777-5559,Wired Telecommunications Carriers,286,0,The,Economic,The employees are not represented by a union.,Plant Unit Closing
4/26/2019,2018-0384,Plant Layoff,Quin Central Park Hotel,"101 W 57th St, New York, NY 10019",New York County,(646) 589-6550,Hotel services,10,105,8/1/2019,Curtailing housekeeping operations due to renovation of its rooms,"New York Hotel and Motel Trades Council, AFL-CIO",PlantLayoff
4/29/2019,2018-0385,Plant Closing,NYSARC Inc.- Suffolk Inc. (AHRC Suffolk) at Shoreham ICF facility,"283 Route 25A Shoreham, NY 11786",Suffolk County,(631) 585-0100 Ext,Non-profit organization dedicated to applying professional and financial resources toward improving the lives of people.,285,285,Separations,Transferring operations of its Shoreham ICF facility to Citizens Option Unlimited.,The employees are not represented by a union.,Plant Closing
4/8/2019,2018-0386,Plant Closing,The College of New Rochelle,"Main Campus 29 Castle Place New Rochelle, NY 10805",Westchester County,(914) 654-5996,College,857,857,7/8/2019,Economic,International Brotherhood of Teamsters Local 445,Plant Closing
4/23/2019,2018-0382,Plant Layoff,Eastman Kodak Company (Kodak Office),"343 State Street Rochester, NY 14650",Monroe County,(585) 724-6615,Photographic equipment and Supplies,1,0,7/21/2019,Economic,The employee is not represented by a union.,Plant Layoff
4/12/2019,2018-0383,Plant Closing,"Sodexo, Inc. (at Westchester Medical Center)","100 Woods Road Valhalla, NY 10595",Westchester County,(908) 463-8788,Perform ES/Custodial Services,263,263,9/29/2019,Loss of contract,SEIU United Healthcare Workers East,Plant Closing
4/19/2019,2018-0378,Plant Closing,Anvil NY LLC dba Benchmarc Restaurants by Marc Murphy,"179 West Broadway New York, NY 10013",New York County,(917) 975-3162,Restaurant,6,133,Separations,Economic,The employees are not represented by a union.,Plant Closing
4/19/2019,2018-0380,Plant Closing,"Applebee's (TLC Central, LLC)","Woodbury Common 448 Evergreen Court Central Valley, NY 10917",Orange County,(716) 634-7700,Restaurant,55,55,7/16/2019,Economic,The employees are not represented by a union.,Plant Closing
4/11/2019,2018-0375,Possible Plant Closing,"EZ Mailing Services, Inc.","147-34 176th Street Jamaica, NY 11434",Queens County,(908) 527-6995 Ext. 122,Mailing Services,92,92,4/19/2019,The company is in the process of attempting to sell the business.,The employees are not represented by a union.,Possible Plant Closing
4/17/2019,2018-0379,Plant Closing,"Association for Metroarea Autistic Children, Inc.","25 West 17th Street New York, NY 10011",New York County,(212) 645-5005 Ext,School for children with autism and special needs,77,77,6/26/2019,Economic,The employees are not represented by a union.,Plant Closing
4/18/2019,2018-0377,Plant Unit Closing,100 Resilient Cities (a sponsored project of Rockefeller Philanthropy Advisors),"420 Fifth Avenue New York, NY 10018",New York County,(212) 812-4317,The Rockefeller Foundation launched 100 Resilient Cities to help cities around the world become more resilient to the challenges of the 21st century.,49,49,7/31/2019,Funding ceased.,The employees are not represented by a union.,Plant Unit Closing
4/15/2019,2018-0371,Plant Closing,"Aramark Educational Services, LLC (at Barnard College & Java City)","607 W. 116th Street New York, NY 10027",New York County,(302) 287-6749,"Provides food service, facilities and uniform services to hospitals, universities, school districts, stadiums and other businesses.",61,61,6/30/2019,Loss of contract,Transport Workers Union Local 264,Plant Closing
4/16/2019,2018-0373,Plant Closing,Concentrix CVG Corporation (formerly Convergys Corporation),"146 Arsenal Street Watertown, NY 13601",Jefferson County,(513) 592-6050,Inbound Call Center,244,396,The,Loss of Contract,The employees are not represented by a union.,Plant Closing
4/10/2019,2018-0370,Plant Layoff,Eastman Kodak Company (Kodak Research Labs),"1999 Lake Avenue Rochester, NY 14650",Monroe County,(585) 724-6615,Photographic equipment and Supplies,3,0,7/8/2019,Economic,The employees are not represented by a union.,Plant Layoff
2/19/2019,2018-0369,Plant Layoff,"Goldman, Sachs & Co. LLC","200 West Street New York, NY 10282",New York County,(212) 357-2191,Global investment banking,98,9323,Separations,Economic,The employees are not represented by a union.,Plant Layoff
4/9/2019,2018-0367,Possible Plant Closing,"Sizmek Technologies, Inc.","401 Park Avenue, South, 5th Floor New York, NY 10016",New York County,(212) 402-8766,Advertising Agency,135,91,Forty-four,Economic,The employees are not represented by a union.,Possible Plant Closing
4/1/2019,2018-0368,Possible PlantClosing,Transit Management of Dutchess County,"14 Commerce Street Poughkeepsie, NY 12603",Dutchess County,(845) 473-8665,Dutchess County Public Transit bus system operator,95,95,6/30/2019,Possible loss of contract with Dutchess County,Teamsters Local 445,Possible PlantClosing
4/5/2019,2018-0362,Plant Layoff,AllianceBernstein L.P. (Phase 4),"1345 Sixth Avenue New York, NY 10105",New York County,(212) 969-6169,Providing investment management and research services,30,1499,7/8/2019,"Relocation of Corporate Headquarters to Nashville, Tennessee",The employees are not represented by a union.,Plant Layoff
3/29/2019,2018-0365,Plant Layoff,Banfi Products Corporation,"1111 Cedar Swamp Road Glen Head, NY 11545",Nassau County,(516) 686-2579,Wine and Distilled Alcoholic Beverage Merchant Wholesalers,1,96,One,Economic,The employee is not represented by a union.,Plant Layoff
4/5/2019,2018-0366,Plant Layoff,Banfi Products Corporation,"1111 Cedar Swamp Road Glen Head, NY 11545",Nassau County,(516) 686-2579,Wine and Distilled Alcoholic Beverage Merchant Wholesalers,1,96,One,Economic,The employee is not represented by a union.,Plant Layoff
3/21/2019,2018-0357,Plant Closing,ShipBob. Inc.,"87 34th Street Brooklyn, NY 11230",Kings County,(844) 474-4726,Affordable fulfillment center with many fulfillment warehouses,54,54,Separations,Relocating to a new facility in Pennsylvania,The employees are not represented by a union.,Plant Closing
4/3/2019,2018-0360,Plant Closing,JCPenney Store #2756,"9 Smith Haven Mall Lake Grove, NY 11755",Suffolk County,(201) 321-3322,Retail,98,98,Separations,Economic,The employees are not represented by a union.,Plant Closing
4/1/2019,2018-0361,Plant Closing,"Sodexo, Inc. (at Mohawk Valley Community College)","1101 Sherman Dr. Utica, NY 13501-5308",Oneida County,(860) 546-6547,Food Service Contractor,49,49,Separations,Loss of contract,The employees are not represented by a union.,Plant Closing
4/2/2019,2018-0359,Plant Closing,"Irving Plaza (venue operated by Live Nation Worldwide, Inc.)","17 Irving Place New York, NY 10003",New York County,(832) 359-8607,Ballroom-style music venue,63,63,As,Renovations,The employees are not represented by a union.,Plant Closing
3/29/2019,2018-0346,Plant Closing,"Aramark Educational Services, LLC (at New York University)","60 Washington Square South New York, NY 10012",New York County,(619) 777-3596,"Provides food service, facilities and uniform services to hospitals, universities, school districts, stadiums and other businesses around the world",57,461,6/30/2019,Loss of contract,The employees are not represented by a union.,Plant Closing
3/29/2019,2018-0343,Plant Layoff,"Web.com Group, Inc.","330 W. 34th Street, 16th Floor New York, NY 10001",New York County,(904) 680-6600,Provides a range of Internet services to small businesses,9,13,Separations,Ecomonic,The employees are not represented by a union.,Plant Layoff
4/1/2019,2018-0345,Plant Closing,Tiegerman Middle School,"70-24 47th Avenue Woodside, NY 11377",Queens County,(516) 609-6245,School,35,35,7/1/2019,"Relocating to Glen Cove, New York in July 2019",The employees are not represented by a union.,Plant Closing
3/28/2019,2018-0344,Plant Layoff,Barclays Services Corp.,"(Chief Operating Office and Functions teams) 745 Seventh Avenue New York, NY 10019",New York County,(212) 526-5862,School,35,35,7/1/2019,"Relocating to Glen Cove, New York in July 2019",The employees are not represented by a union.,Plant Layoff
3/26/2019,2018-0341,Plant Closing,PVH - Tommy Hilfiger,"681 Fifth Avenue New York, NY 10022",New York County,(908) 698-5318,Retail,76,78,Of,Economic,The employees are not represented by a union.,Plant Closing
3/25/2019,2018-0340,Plant Closing,"POP Displays USA, LLC","555 Tuckahoe Road Yonkers, NY 10710",Westchester County,(914) 771-4200,Provides manufactured point of purchase displays for retail and consumer goods companies.,388,388,Beginning,"Relocating business to East Point, Georgia and Rye Brook, NY",Amalgamated Production & Service Employees Union Local 22,Plant Closing
3/13/2019,2016-0317,Plant Closing,Ulano Corporation,"110 Third Avenue Brooklyn, NY 11217",Kings County,(718) 237-4700,Produces photo-sensitive products for the screen printing industry,45,45,The,Consolidation of Operations,"Amalgamated, Production and Service Employees Union, Local 22 (Affiliated with International Union of Allied, Novelty and Production Workers, AFL-CIO)",Plant Closing
3/21/2019,2018-0334,Temporary Plant Unit Closing,"Art Food, LLC dba The Cafes at MoMa, an affiliate of Union Square Hospitality Group, LLC (at the Museum of Modern Art) (Terrace 5)","11 West 53rd Street New York, NY 10019",New York County,(646) 237-5039,Restaurant,121,0,The,Renovations,The employees are not represented by a union.,Temporary Plant Unit Closing
3/26/2019,2018-0319,Plant Closing,Instacart (at Whole Foods Market),"240 Bedford Avenue Brooklyn, NY 11249",Kings County,(650) 549-7334,Food Services/Delivery,43,43,5/11/2019,Economic,The employees are not represented by a union.,Plant Closing
3/29/2019,2018-0333,Plant Layoff,Shop Vac Corporation d/b/a Felchar Manufacturing Corporation,"(Building One) 191 Corporate Drive Binghamton, NY 13904",Broome County,(570) 321-7202,"Manufacturing facility, manufacturing wet/dry vacuums",144,Currently,The,Economic,The employees are not represented by a union.,Plant Layoff
3/14/2019,2018-0329,Plant Layoff,Banfi Products Corporation,"1111 Cedar Swamp Road Glen Head, NY 11545",Nassau County,(516) 686-2579,Wine and Distilled Alcoholic Beverage Merchant Wholesalers and Advertising Agency,11,97,6/11/2019,Economic,"Wine, Liquor & Distillery Workers Union – Local 1- D",Plant Layoff
3/13/2019,2018-0244,Plant Unit Closing,Concentrix CVG Corporation,"(Formerly Convergys Corporation) 146 Arsenal Street Watertown, NY 13601",Jefferson County,(513) 592-6050,"Inbound Call Center; Customer Service, Technical Support",81,540,Separations,Loss of Contract,The employees are not represented by a union.,Plant Unit Closing
3/13/2019,2018-0318,Plant Closing,Centerplate,"(at the Jacob K. Javits Convention Center) 655 W 34th St. New York, NY 10001",New York County,(212) 216-2613,Food Services,273,273,6/15/2019,Contract loss,UNITEHERE Local 100,Plant Closing
3/6/2019,2018-0277,Plant Closing,"Kiss Products, Inc.","(Production Team) 3 Seaview Blvd Port Washington, NY 11050",Nassau County,(516) 625-9292,"Fingernails, Artificial business",55,419,Separation,Moving warehouse functions to New Jersey,The employees are not represented by a union.,Plant Closing
3/8/2019,2018-0305,Plant Closing,"Macy's Systems and Technology, Inc.","(Field Services Operational Unit) 1701 Sunrise Hwy. Bay Shore, NY 11706",Kings County,(678) 474-3281,"Engages in creating, gathering, and directing pieces of data to form management tools",1,57,Separations,Economic,The employees are not represented by a union.,Plant Closing
2/27/2019,2018-0304,Plant Layoff,"Goldman, Sachs & Co. LLC","200 West Street New York, NY 10282",New York County,(212) 357-2191,Global investment banking,65,9323,5/20/2019,Economic,The employees are not represented by a union.,Plant Layoff
3/6/2019,2018-0278,Plant Closing,"Ivy Enterprises, Inc.","(Production Team) 3 Seaview Blvd Port Washington, NY 11050",Nassau County,(516) 625-9292,"Fingernails, Artificial business",4,161,Separation,Moving warehouse functions to New Jersey,The employees are not represented by a union.,Plant Closing
3/6/2019,2018-0303,Plant Closing,"Calvin Klein, Inc. (Corporate Office)","205 West 39th Street New York, NY 10018",New York County,(212) 292-9785,Clothing Retail store,38,38,All,Economic,The employees are not represented by a union.,Plant Unit Closing
3/4/2019,2018-0302,Plant Closing,"SC & BP Services, Inc.","(Texcare site) 1064 62nd Street Brooklyn, NY 11219",Kings County,(908) 912-2700 Ext,Self-service laundries,55,55,June,Economic,UFCW Local 312,Plant Closing
3/4/2019,2018-0300,Plant Closing,"Aramark Educational Services, LLC","(at Clarkson University) 10 Clarkson Avenue Potsdam, NY 13699",St. Lawrence County,(619) 777-3596,"Provides food service, facilities and uniform services to hospitals, universities, school districts, stadiums and other businesses",193,193,6/3/2019,Loss of Contract with Clarkson University,SEIU Local 200 United,Plant Closing
3/7/2019,2018-0192,Plant Closing,"New Era Cap Co., Inc.","8061 Erie Road Derby, NY 14047",Erie County,(716) 604-9000 Ext. 1419,"Manufactures headwear, apparel, and accessories for men, women, youth, and kids",216,216,Employees,Economic,"Local 14177, Communications Workers of America",Plant Closing
2/27/2019,2018-0290,Plant Closing,"Maryhaven Center of Hope, Inc. (Vocational Rehabilitation and Day Habilitation Transportation Services Dept.)","51 Terryville Road Port Jefferson Station, NY 11776",Suffolk County,(631) 474-4100,Vocational Rehabilitation and Day Habilitation Transportation Services Dept.,75,75,All,Acquisition by Suffolk Transportation,The employees are not represented by a union.,Plant Closing
2/28/2019,2018-0288,Plant Closing,"Empire Vision Center, Inc.","(Visionworks - Central Lab) 6940 Fly Road East Syracuse, NY 13057",Onondaga County,(315) 388-7491,Ophthalmic Goods Manufacturing,89,89,June,Economic,Local Union No. 81408 of the IUE/CWA International Union,Plant Closing
2/28/2019,2018-0291,Plant Layoff,MetLife (Global Technology & Operations Department),"500 Jordan Road Troy, NY 12180",Rensselaer County,(919) 907-4388,Insurance company,26,275,These,Economic,The employees are not represented by a union.,Plant Layoff
2/27/2019,2018-0287,Plant Closing,"CareConnect Insurance Company, Inc.","2200 Northern Boulevard, Suite 104 East Hills, NY 11548",Nassau County,(516) 405-7925,Insurance company,31,35,5/1/2019,Implementation of the Care Connect Exit Plan,The employees are not represented by a union.,Plant Closing
2/14/2019,2018-0279,Plant Closing,New England Motor Freight (NEMF),"7201 Schuyler Rd. East Syracuse, NY 13057",Onondaga County,(732) 940-7216 ext. 49260,"General Freight Trucking, Local",63,518,Layoffs,Filed for Chapter 11 Bankruptcy,"Local 447 of District 15 of the International Association of Machinists and Aerospace Workers, AFL-CIO",Plant Closing
2/18/2019,2018-0269,Plant Closing,"Alleson of Rochester, Inc.","2340 Brighton Henrietta Town Line Road Rochester, NY 14623",Monroe County,(704) 874-1099 Ext,Manufactures in-stock uniforms and sublimated garments.,75,116,Separations,Implementing an operational restructuring,"Rochester Regional Joint Board, Local 388, Workers United",Plant Closing
2/19/2019,2018-0260,Plant Closing,"Prestone Press, LLC","4750 30th Street Long Island City, NY 11101",Queens County,(347) 468-7900,Commercial printer,75,75,Separation,Economic,The employees are not represented by a union.,Plant Closing
2/19/2019,2018-0126,Plant Closing,"Ivy Enterprises, Inc.","(Warehouse) 3 Seaview Blvd Port Washington, NY 11050",Nassau County,(516) 625-9292,"Fingernails, Artificial Business",24,161,Separation,Moving warehouse functions to New Jersey,The employees are not represented by a union.,Plant Closing
2/14/2019,2018-0261,Plant Layoff,AllianceBernstein L.P.,"1345 Sixth Avenue New York, NY 10105",New York City County,(212) 969-6169,Providing investment management and research services,98,1517,The,"Relocation of Corporate Headquarters to Nashville, Tennessee",The employees are not represented by a union.,Plant Layoff
2/15/2019,2018-0263,Plant Closing,"Macy's Systems and Technology, Inc. (MTECH Field Services Operational Unit)","Roosevelt Field 630 Old Country Road Garden City, NY 11530",Nassau County,(678) 474-3281,"Engages in creating, gathering, and directing pieces of data to form management tools",1,1,5/19/2019,Economic,The employees are not represented by a union.,Plant Closing
2/15/2019,2018-0272,Possible Plant Layoff/Closing,"The Robert Allen Duralee Group, Inc.","125 Michael Drive, Suite 101 Syosset, NY 11749",Nassau County,(508) 851-6600 Ext,Luxury home décor,5,119,Possible,Chapter 11 filing and sale of business,The employees are not represented by a union.,Possible Plant Layoff/Closing
2/19/2019,2018-0268,Plant Closing,"Thesys CAT, LLC","1740 Broadway, 14th Floor New York, NY 10019",New York County,(646) 499-3467,Computer Programming Services,35,35,2/15/2019,Termination of CAT Project contract,The employees are not represented by a union.,Plant Closing
2/13/2019,2018-0270,Plant Layoff,Eastman Kodak Company (Kodak Office),"343 State Street Rochester, NY 14650",Monroe County,(585) 724-6615,Photographic equipment and Supplies,1,0,5/13/2019,Economic,The employee is not represented by a union.,Plant Layoff
2/13/2019,2018-0259,Plant Closing,Doubletree Suites by Hilton Hotel New York City Times Square,"1568 Broadway New York, NY 10036",New York County,(212) 403-6427,Photographic equipment and Supplies,1,0,5/13/2019,Economic,"New York Hotel  & Motel Trades Council, AFL-CIO",Plant Closing
2/12/2019,2018-0257,Plant Layoff,"Buffalo Filter, LLC","5900 Genesee Street Lancaster, NY 14086",Erie County,(574) 306-8710,Medical equipment manufacturer,15,114,Separations,Economic,The employees are not represented by a union.,Plant Layoff
2/12/2019,2018-0258,Plant Closing,"Fluor Enterprises, Inc.","568 Shore Airport Road Ticonderoga, NY 12883",Essex County,(864) 517-1939,Construction project management,2,2,Separations,Contract loss with International Paper,The employees are not represented by a union.,Plant Closing
2/12/2019,2018-0256,Plant Closing,"Fluor Industrial Services, Inc.","568 Shore Airport Road Ticonderoga, NY 12883",Essex County,(864) 517-1939,Construction project management,20,20,Separations,Contract loss with International Paper,The employees are not represented by a union.,Plant Closing
2/12/2019,2018-0255,Plant Closing,Walmart,"Facility #3577 (Processes online orders) 141 Washington Avenue Ext. Albany,  NY 12205",Albany County,(518) 584-1642,Construction project management,20,20,Separations,Contract loss with International Paper,The employees are not represented by a union.,Plant Closing
1/31/2019,2018-0254,Plant Layoff,Eastman Kodak Company (Kodak Office),"343 State Street Rochester, NY 14650",Monroe County,(585) 724-6615,Photographic equipment and Supplies,1,0,4/30/2019,Economic,The employee is not represented by a union.,Plant Layoff
2/1/2019,2018-0249,Plant Layoff,"Web.com Group, Inc.","330 W. 34th Street, 16th Floor New York, NY 10001",New York County,(904) 680-6600,Provides a range of Internet services to small businesses,39,To,Separations,Ecomonic,The employees are not represented by a union.,Plant Layoff
2/6/2019,2018-0253,Plant Closing,"Eclipse Advantage, LLC","105 Rotterdam Industrial Park Schenectady, NY 12306",Schenectady County,(321) 473-7209,Unloading services with Union Pacific/Cold Connect.,62,62,May,Service contract cancelation with Union Pacific Cold Connect/Railex,The employees are not represented by a union.,Plant Closing
1/31/2019,2018-0251,Plant Closing,St. Joseph School,"25 Church Street Ronkonkoma, NY 11779",Suffolk County,(516) 280-4124,School,38,38,6/26/2019,Economic,The employees are not represented by a union.,Plant Closing
2/1/2019,2018-0247,Plant Layoff,AllianceBernstein L.P.,"1345 Sixth Avenue New York, NY 10105",New York City County,(212) 969-6169,Providing investment management and research services,36,1517,The,"Relocation of Corporate Headquarters to Nashville, Tennessee",The employees are not represented by a union.,Plant Layoff
1/31/2019,2018-0250,Plant Closing,All Saints Regional Catholic School,"12 Pearsall Avenue Glen Cove, NY 11542",Nassau County,(516) 280-4124,Providing investment management and research services,36,1517,The,"Relocation of Corporate Headquarters to Nashville, Tennessee",The employees are not represented by a union.,Plant Closing
1/31/2019,2018-0246,Plant Layoff,Eastman Kodak Company (Eastman Business Park),"1669 Lake Avenue Rochester, NY 14650",Monroe County,(585) 724-6615,Photographic equipment and Supplies,2,0,4/30/2019,Economic,The employees are not represented by a union.,Plant Layoff
1/28/2019,2018-0245,Plant Closing,ABM Aviation Inc.,"Delta Airlines at JFK International Airport. Terminals 2 and 4 Jamaica, NY 11430",Queens County,(718) 917-2079,Cabin cleaning services at Delta Airlines at JFK International Airport. Terminals 2 and 4,528,528,5/3/2019,Contractual Loss,SEIU Local 32BJ,Plant Closing
1/18/2019,"2018-0238, 2018-0239, 2018-0240",Plant Closings,Petland Discounts Inc.,Various Locations,"Nassau, Suffolk County",(631) 521-8326,Retail pet store,367,367,Separations,Economic,The employees are not represented by a union.,Plant Closings
1/15/2019,2018-0233,Plant Layoff,"Metropolitan Jewish Home Care, Inc. d\b\a MJHS Home Care","6323 Seventh Avenue Brooklyn, NY 11220",Kings County,(718) 491-7290,Home care services,112,246,April,Economic,The employees are not represented by a union.,Plant Layoff
1/17/2019,2018-0236,Plant Closing,Centerplate at the New York Racing Association (NYRA),"Saratoga Racetracks 267 Union Avenue Saratoga Springs, NY 12866",Saratoga County,(864) 248-2042,Hospitality services,441,441,The,Contract Loss,"New York Hotel & Motel Trades Council, AFL-CIO",Plant Closing
1/25/2019,2018-0241,Plant Layoff,SAE Sun and Earth Energy Inc.,"444 Washington Street Rensselaer, NY 12144",Rensselaer County,(518) 444-2044,Hospitality services,441,441,The,Contract Loss,The employees are not represented by a union.,Plant Layoff
1/25/2019,2018-0241,Plant Layoff,"Monolith Solar Associates, LLC","444 Washington Street Rensselaer, NY 12144",Rensselaer County,(518) 444-2044,Hospitality services,441,441,The,Contract Loss,The employees are not represented by a union.,Plant Layoff
1/25/2019,2018-0243,Plant Layoff,"Monticello Raceway Management, Inc. (Casino)","204 State Route 17B Monticello, NY 12701",Sullivan County,(845) 428-7200 Ext. 1460,Hospitality services,441,441,The,Contract Loss,"New York Hotel & Motel Trades Council,  AFL-CIO - 92 employees; the Laborers' International Union of North America,  Local 17, AFL-CIO- 13 employees; the International Union of Operating  Engineers, Local 825 – 5 employees; and the Northeast Regional Council of  Carpenters, United Brotherhood of Carpenters and Joinders of America- 2  employees.",Plant Closing
1/18/2019,2018-0232,Plant Closing,"Third & 50, LLC (aka Dos Caminos)","825 Third Avenue New York, NY 10022",New York County,(718) 386-7187,Restaurant,100,100,Separation,Lease expiration,The employees are not represented by a union.,Plant Closing
1/18/2019,2018-0234,Plant Closing,"Mercedes Distribution Center, Inc.","63 Flushing Avenue, Unit 340 Brooklyn, NY 11205",Kings County,(718) 534-3003,Warehouse Distribution service,100,100,The,Economic,"International Brotherhood of Teamsters, Local 553",Plant Closing
1/18/2019,2018-0231,Plant Closing,Macy's,"7000 Fashion Drive Nanuet, NY 10954",Rockland County,(646) 787-4816,Retail Store,92,92,Separations,Economic,The employees are not represented by a union.,Plant Closing
1/16/2019,2018-0230,Plant Layoff,TheaterMania.com,"550 7th Ave New York, NY 10018",New York County,(416)-687-2062,"Offers directory of shows, tickets, and discounts across the U.S.",17,81,Separations,Economic,The employees are not represented by a union.,Plant Layoff
1/7/2018,2018-0225,Plant Layoff,Senior Rehab Solutions (Norwegian Home and Health Center),"1250 67th Street Brooklyn, NY 11219",Kings County,(214) 252-7653,Nursing home,22,22,The,Economic,The employees are not represented by a union.,Plant Layoff
1/16/2019,2018-0229,Plant Closing,"CareConnect Insurance Company, Inc.","2200 Northern Boulevard East Hills, NY 11548",Nassau County,(516) 405-7925,Health insurance market,46,40,Phase,Economic,The employees are not represented by a union.,Plant Closing
1/10/2019,2018-0226,Plant Closing,"Kohl's Department Stores, Inc. (Store #1328)","6135 Junction Blvd. Rego Park, NY 11374",Queens County,(262) 703-7000,Retail store,107,107,4/13/2019,Economic,The employees are not represented by a union.,Plant Closing
1/16/2019,2018-0177,Plant Closing,Thomson Reuters Corporation,"(Operations and Enablement - Technology, Content Operations & Legal Editorial) 50 East Broad Street Rochester, NY 14614",Monroe County,(651) 848-3154,Multinational mass media and information firm,207,327,Layoffs,Economic,The employees are not represented by a union.,Plant Closing
1/15/2019,2018-0228,Plant Closing,General Motors LLC (Cadillac New York Headquarters),"330 Hudson Street New York, NY 10013",New York County,(313) 407-9929,Automobile manufacturer and retailer.,97,97,Separations,Economic,The employees are not represented by a union.,Plant Closing
1/11/2019,2018-0223,Plant Closing,"Calvin Klein, Inc.","(Madison Collection Store) 654 Madison Avenue New York, NY 10065",New York County,(212) 292-9785,Clothing Retail store,29,29,Three,Economic,The employees are not represented by a union.,Plant Closing
1/10/2019,2018-0222,Plant Closing,Aveda Institute Inc.,"(Aveda Institute New York School) 233 Spring Street New York, NY 10013",New York County,(212) 230-6181,Beauty school,48,48,Separations,Sale of the Aveda Institute New York School,The employees are not represented by a union.,Plant Closing
1/7/2019,2018-0218,Plant Closing,"Independence Care System, Inc. (ICS)","257 Park Avenue South New York, NY 10010",New York County,(212) 584-2580,Managed Long-Term Care (MLTC),97,97,4/7/2019,"Due to changes in its business, ICS will be closing its MLTC line of business.",The employees are not represented by a union.,Plant Closing
1/9/2019,2018-0221,Plant Closing,"Pfizer, Inc.","64 Maple Street Rouses Point, NY 12979",Clinton County,(212) 733-2110,Pharmaceuticals (production),6,12,Separations,Economic,International Chemical Workers Union/UFCW Local 95c,Plant Closing
1/7/2019,2018-0216,Plant Closing,"AT&T Services, Inc.","(Billing Inquiry Call Center Operations) 250 South Clinton Street Syracuse, NY 13202",Onondaga County,(313) 421-9648,Telecommunications (Billing Inquiry Call Center Operations),155,155,4/12/2019,"Transfer of operations to Orange Park, Florida",Communications Workers of America,Plant Closing
1/7/2019,2018-0217,Plant Closing,"Lighthouse Management Services, LLC","300 Clinton Square Rochester, NY 14604",Monroe County,(585) 246-4151,Property management company,48,48,Layoffs,Termination of property management contracts,The employees are not represented by a union.,Plant Closing
1/6/2019,2018-0215,Plant Closing,Morrison Healthcare Food and Nutrition Services at Erie Medical Center,"462 Grider Street Buffalo, NY 14215",Erie County,(914) 426-8240,National food and nutrition services company,172,172,4/6/2019,Contractual Loss,"CSEA Local 1000, AFSCME, AFL-CIO",Plant Closing
12/27/2018,2018-0213,Plant Closing,Kmart Store (Unit 07677),"121 Bolivar Road Wellsville, NY 14895",Allegany County,(847) 286-1427,Retail Store,88,88,Employment,Economic,The employees are not represented by a union.,Plant Closing
12/27/2018,2018-0214,Plant Closing,Kmart Store (Unit 04928),"49 Dix Avenue Ext. Queensbury, NY 12804",Warren County,(847) 286-1427,Retail Store,60,60,Employment,Economic,The employees are not represented by a union.,Plant Closing
12/27/2018,2018-0211,Plant Closing,"Sears, Roebuck and Co. Full Line Store (Unit 01894)","10 Miracle Mile Dr. Rochester, NY 14623",Monroe County,(847) 286-1427,Retail Store,70,70,Employment,Economic,The employees are not represented by a union.,Plant Closing
12/28/2018,2018-0210,Plant Closing,"St. Lawrence Health Alliance, Inc.","3 Lyon Place Ogdensburg, NY 13669",St. Lawrence County,(315) 713-6612,Healthcare Services,72,72,3/31/2019,The Claxton-Hepburn Medical Center will assume operations and all employees will be offered employment.,The employees are not represented by a union.,Plant Closing
